filename,x1,x2,y1,y2,h,w
facenet_pytorch/data/CustomTrain_cropped/Vaishvi/vFile591.png,8.0,170.0,46.0,208.0,114.0,152.0
facenet_pytorch/data/CustomTrain_cropped/Vaishvi/vFile5124.png,37.0,191.0,46.0,200.0,114.0,123.0
facenet_pytorch/data/CustomTrain_cropped/Vaishvi/vFile588.png,2.0,165.0,46.0,209.0,114.0,158.0
facenet_pytorch/data/CustomTrain_cropped/Vaishvi/vFile5135.png,26.0,131.0,46.0,151.0,105.0,105.0
facenet_pytorch/data/CustomTrain_cropped/Vaishvi/Vaishvi_20.png,0.0,160.0,45.0,205.0,115.0,160.0
facenet_pytorch/data/CustomTrain_cropped/Vaishvi/vFile5102.png,32.0,158.0,39.0,165.0,121.0,126.0
facenet_pytorch/data/CustomTrain_cropped/Vaishvi/vFile5113.png,2.0,163.0,44.0,205.0,116.0,158.0
facenet_pytorch/data/CustomTrain_cropped/Vaishvi/vFile5137.png,2.0,160.0,45.0,203.0,115.0,158.0
facenet_pytorch/data/CustomTrain_cropped/Vaishvi/vFile599.png,2.0,163.0,45.0,206.0,115.0,158.0
facenet_pytorch/data/CustomTrain_cropped/Vaishvi/vFile5123.png,12.0,173.0,44.0,205.0,116.0,148.0
facenet_pytorch/data/CustomTrain_cropped/Vaishvi/vFile5100.png,16.0,175.0,48.0,207.0,112.0,144.0
facenet_pytorch/data/CustomTrain_cropped/Vaishvi/vFile5106.png,0.0,163.0,45.0,208.0,115.0,160.0
facenet_pytorch/data/CustomTrain_cropped/Vaishvi/vFile590.png,4.0,165.0,45.0,206.0,115.0,156.0
facenet_pytorch/data/CustomTrain_cropped/Vaishvi/vFile5138.png,33.0,139.0,40.0,146.0,106.0,106.0
facenet_pytorch/data/CustomTrain_cropped/Vaishvi/vFile5134.png,25.0,186.0,43.0,204.0,117.0,135.0
facenet_pytorch/data/CustomTrain_cropped/Vaishvi/vFile5116.png,2.0,161.0,45.0,204.0,115.0,158.0
facenet_pytorch/data/CustomTrain_cropped/Vaishvi/vFile5129.png,0.0,159.0,45.0,205.0,115.0,159.0
facenet_pytorch/data/CustomTrain_cropped/Vaishvi/vFile5105.png,13.0,163.0,26.0,176.0,134.0,147.0
facenet_pytorch/data/CustomTrain_cropped/Vaishvi/vFile595.png,11.0,172.0,43.0,204.0,117.0,149.0
facenet_pytorch/data/CustomTrain_cropped/Vaishvi/vFile5127.png,21.0,151.0,34.0,164.0,126.0,130.0
facenet_pytorch/data/CustomTrain_cropped/Vaishvi/vFile5132.png,16.0,132.0,44.0,160.0,116.0,116.0
facenet_pytorch/data/CustomTrain_cropped/Vaishvi/vFile5111.png,0.0,161.0,46.0,207.0,114.0,160.0
facenet_pytorch/data/CustomTrain_cropped/Vaishvi/vFile5117.png,32.0,137.0,43.0,148.0,105.0,105.0
facenet_pytorch/data/CustomTrain_cropped/Vaishvi/vFile593.png,30.0,190.0,47.0,207.0,113.0,130.0
facenet_pytorch/data/CustomTrain_cropped/Vaishvi/vFile5114.png,49.0,160.0,49.0,160.0,111.0,111.0
facenet_pytorch/data/CustomTrain_cropped/Vaishvi/vFile589.png,25.0,177.0,43.0,195.0,117.0,135.0
facenet_pytorch/data/CustomTrain_cropped/Vaishvi/vFile584.png,0.0,142.0,0.0,145.0,145.0,142.0
facenet_pytorch/data/CustomTrain_cropped/Vaishvi/vFile5121.png,26.0,162.0,28.0,164.0,132.0,134.0
facenet_pytorch/data/CustomTrain_cropped/Vaishvi/vFile5107.png,36.0,173.0,31.0,168.0,129.0,124.0
facenet_pytorch/data/CustomTrain_cropped/Vaishvi/Vaishvi_220.png,3.0,164.0,45.0,206.0,115.0,157.0
facenet_pytorch/data/CustomTrain_cropped/Vaishvi/vFile5112.png,1.0,163.0,45.0,207.0,115.0,159.0
facenet_pytorch/data/CustomTrain_cropped/Vaishvi/vFile5110.png,1.0,161.0,43.0,203.0,117.0,159.0
facenet_pytorch/data/CustomTrain_cropped/Vaishvi/vFile5104.png,48.0,148.0,54.0,154.0,100.0,100.0
facenet_pytorch/data/CustomTrain_cropped/Vaishvi/vFile5136.png,0.0,159.0,45.0,204.0,115.0,159.0
facenet_pytorch/data/CustomTrain_cropped/Vaishvi/vFile5139.png,39.0,145.0,51.0,157.0,106.0,106.0
facenet_pytorch/data/CustomTrain_cropped/Vaishvi/vFile583.png,0.0,159.0,46.0,205.0,114.0,159.0
facenet_pytorch/data/CustomTrain_cropped/Vaishvi/vFile5101.png,51.0,153.0,50.0,152.0,102.0,102.0
facenet_pytorch/data/CustomTrain_cropped/Vaishvi/vFile585.png,32.0,162.0,29.0,159.0,130.0,128.0
facenet_pytorch/data/CustomTrain_cropped/Vaishvi/vFile5103.png,51.0,159.0,53.0,161.0,107.0,108.0
facenet_pytorch/data/CustomTrain_cropped/Vaishvi/vFile5125.png,0.0,161.0,46.0,207.0,114.0,160.0
facenet_pytorch/data/CustomTrain_cropped/Vaishvi/vFile5122.png,34.0,185.0,40.0,191.0,120.0,126.0
facenet_pytorch/data/CustomTrain_cropped/Vaishvi/vFile5126.png,2.0,164.0,46.0,208.0,114.0,158.0
facenet_pytorch/data/CustomTrain_cropped/Vaishvi/vFile582.png,19.0,132.0,43.0,156.0,113.0,113.0
facenet_pytorch/data/CustomTrain_cropped/Vaishvi/vFile594.png,6.0,167.0,44.0,205.0,116.0,154.0
facenet_pytorch/data/CustomTrain_cropped/Vaishvi/vFile5128.png,39.0,144.0,41.0,146.0,105.0,105.0
facenet_pytorch/data/CustomTrain_cropped/Vaishvi/vFile592.png,0.0,159.0,44.0,207.0,116.0,159.0
facenet_pytorch/data/CustomTrain_cropped/Vaishvi/vFile5118.png,4.0,158.0,33.0,187.0,127.0,154.0
facenet_pytorch/data/CustomTrain_cropped/Vaishvi/vFile5133.png,0.0,130.0,33.0,191.0,127.0,130.0
facenet_pytorch/data/CustomTrain_cropped/Vaishvi/vFile5115.png,49.0,185.0,46.0,182.0,114.0,111.0
facenet_pytorch/data/CustomTrain_cropped/Vaishvi/vFile596.png,6.0,160.0,31.0,185.0,129.0,154.0
facenet_pytorch/data/CustomTrain_cropped/Shakti/Shakti_425.png,31.0,181.0,36.0,186.0,124.0,129.0
facenet_pytorch/data/CustomTrain_cropped/Shakti/360.png,5.0,159.0,43.0,197.0,117.0,154.0
facenet_pytorch/data/CustomTrain_cropped/Shakti/13 14.png,0.0,162.0,27.0,191.0,133.0,160.0
facenet_pytorch/data/CustomTrain_cropped/Shakti/Shakti_420.png,43.0,188.0,50.0,195.0,110.0,117.0
facenet_pytorch/data/CustomTrain_cropped/Shakti/217.png,0.0,151.0,24.0,185.0,136.0,151.0
facenet_pytorch/data/CustomTrain_cropped/Shakti/Shakti_300.png,0.0,146.0,28.0,191.0,132.0,146.0
facenet_pytorch/data/CustomTrain_cropped/Shakti/8 9.png,44.0,186.0,47.0,189.0,113.0,116.0
facenet_pytorch/data/CustomTrain_cropped/Shakti/23 24.png,0.0,153.0,43.0,201.0,117.0,153.0
facenet_pytorch/data/CustomTrain_cropped/Shakti/272.png,10.0,157.0,19.0,166.0,141.0,147.0
facenet_pytorch/data/CustomTrain_cropped/Shakti/15 16.png,0.0,136.0,31.0,193.0,129.0,136.0
facenet_pytorch/data/CustomTrain_cropped/Shakti/Shakti_270.png,6.0,171.0,26.0,191.0,134.0,154.0
facenet_pytorch/data/CustomTrain_cropped/Shakti/22 23.png,28.0,175.0,44.0,191.0,116.0,132.0
facenet_pytorch/data/CustomTrain_cropped/Shakti/219.png,24.0,181.0,45.0,202.0,115.0,136.0
facenet_pytorch/data/CustomTrain_cropped/Shakti/10 11.png,49.0,185.0,46.0,182.0,114.0,111.0
facenet_pytorch/data/CustomTrain_cropped/Shakti/4 5.png,2.0,157.0,42.0,197.0,118.0,155.0
facenet_pytorch/data/CustomTrain_cropped/Shakti/Shakti_395.png,51.0,185.0,41.0,175.0,119.0,109.0
facenet_pytorch/data/CustomTrain_cropped/Shakti/362.png,12.0,160.0,40.0,188.0,120.0,148.0
facenet_pytorch/data/CustomTrain_cropped/Shakti/Shakti_385.png,43.0,184.0,45.0,186.0,115.0,117.0
facenet_pytorch/data/CustomTrain_cropped/Shakti/280.png,18.0,178.0,44.0,204.0,116.0,142.0
facenet_pytorch/data/CustomTrain_cropped/Shakti/9 10.png,45.0,184.0,46.0,185.0,114.0,115.0
facenet_pytorch/data/CustomTrain_cropped/Shakti/222.png,0.0,106.0,38.0,191.0,122.0,106.0
facenet_pytorch/data/CustomTrain_cropped/Shakti/24 25.png,46.0,185.0,45.0,184.0,115.0,114.0
facenet_pytorch/data/CustomTrain_cropped/Shakti/223.png,9.0,163.0,36.0,190.0,124.0,151.0
facenet_pytorch/data/CustomTrain_cropped/Shakti/0 1.png,10.0,166.0,42.0,198.0,118.0,150.0
facenet_pytorch/data/CustomTrain_cropped/Shakti/14 15.png,0.0,147.0,28.0,191.0,132.0,147.0
facenet_pytorch/data/CustomTrain_cropped/Shakti/Shakti_440.png,19.0,171.0,34.0,186.0,126.0,141.0
facenet_pytorch/data/CustomTrain_cropped/Shakti/221.png,0.0,147.0,29.0,192.0,131.0,147.0
facenet_pytorch/data/CustomTrain_cropped/Shakti/263.png,1.0,153.0,43.0,195.0,117.0,152.0
facenet_pytorch/data/CustomTrain_cropped/Shakti/18 19.png,51.0,187.0,41.0,177.0,119.0,109.0
facenet_pytorch/data/CustomTrain_cropped/Shakti/220.png,33.0,172.0,44.0,183.0,116.0,127.0
facenet_pytorch/data/CustomTrain_cropped/Shakti/20 21.png,4.0,162.0,42.0,200.0,118.0,156.0
facenet_pytorch/data/CustomTrain_cropped/Shakti/215.png,0.0,128.0,39.0,201.0,121.0,128.0
facenet_pytorch/data/CustomTrain_cropped/Shakti/Shakti_125.png,1.0,157.0,42.0,198.0,118.0,156.0
facenet_pytorch/data/CustomTrain_cropped/Shakti/276.png,2.0,157.0,22.0,177.0,138.0,155.0
facenet_pytorch/data/CustomTrain_cropped/Shakti/266.png,0.0,142.0,30.0,192.0,130.0,142.0
facenet_pytorch/data/CustomTrain_cropped/Shakti/Shakti_445.png,10.0,166.0,32.0,188.0,128.0,150.0
facenet_pytorch/data/CustomTrain_cropped/Shakti/368.png,21.0,167.0,34.0,180.0,126.0,139.0
facenet_pytorch/data/CustomTrain_cropped/Shakti/Shakti_405.png,16.0,160.0,23.0,167.0,137.0,144.0
facenet_pytorch/data/CustomTrain_cropped/Shakti/366.png,20.0,173.0,41.0,194.0,119.0,140.0
facenet_pytorch/data/CustomTrain_cropped/Shakti/26 27.png,2.0,158.0,42.0,198.0,118.0,156.0
facenet_pytorch/data/CustomTrain_cropped/Shakti/12 13.png,0.0,150.0,28.0,191.0,132.0,150.0
facenet_pytorch/data/CustomTrain_cropped/Shakti/279.png,0.0,111.0,35.0,179.0,125.0,111.0
facenet_pytorch/data/CustomTrain_cropped/Shakti/270.png,7.0,158.0,33.0,184.0,127.0,151.0
facenet_pytorch/data/CustomTrain_cropped/Shakti/7 8.png,24.0,172.0,40.0,188.0,120.0,136.0
facenet_pytorch/data/CustomTrain_cropped/Shakti/19 20.png,53.0,188.0,46.0,181.0,114.0,107.0
facenet_pytorch/data/CustomTrain_cropped/Shakti/3 4.png,34.0,185.0,37.0,188.0,123.0,126.0
facenet_pytorch/data/CustomTrain_cropped/Shakti/Shakti_400.png,15.0,171.0,49.0,205.0,111.0,145.0
facenet_pytorch/data/CustomTrain_cropped/Shakti/364.png,0.0,135.0,35.0,193.0,125.0,135.0
facenet_pytorch/data/CustomTrain_cropped/Shakti/Shakti_415.png,15.0,170.0,50.0,205.0,110.0,145.0
facenet_pytorch/data/CustomTrain_cropped/Shakti/Shakti_410.png,53.0,175.0,50.0,172.0,110.0,107.0
facenet_pytorch/data/CustomTrain_cropped/Shakti/Shakti_390.png,16.0,174.0,50.0,208.0,110.0,144.0
facenet_pytorch/data/CustomTrain_cropped/Shakti/Shakti_450.png,0.0,110.0,19.0,188.0,141.0,110.0
facenet_pytorch/data/CustomTrain_cropped/Shakti/1 2.png,16.0,177.0,53.0,214.0,107.0,144.0
facenet_pytorch/data/CustomTrain_cropped/Shakti/274.png,11.0,170.0,39.0,198.0,121.0,149.0
facenet_pytorch/data/CustomTrain_cropped/Shakti/370.png,20.0,165.0,40.0,185.0,120.0,140.0
facenet_pytorch/data/CustomTrain_cropped/Shakti/21 22.png,14.0,171.0,50.0,207.0,110.0,146.0
facenet_pytorch/data/CustomTrain_cropped/Shakti/25 26.png,14.0,175.0,53.0,214.0,107.0,146.0
facenet_pytorch/data/CustomTrain_cropped/Shakti/218.png,25.0,171.0,51.0,197.0,109.0,135.0
facenet_pytorch/data/CustomTrain_cropped/Shakti/281.png,18.0,173.0,48.0,203.0,112.0,142.0
facenet_pytorch/data/CustomTrain_cropped/Shakti/11 12.png,17.0,179.0,53.0,215.0,107.0,143.0
facenet_pytorch/data/CustomTrain_cropped/Shakti/Shakti_455.png,11.0,169.0,38.0,196.0,122.0,149.0
facenet_pytorch/data/CustomTrain_cropped/Shakti/216.png,16.0,170.0,49.0,203.0,111.0,144.0
facenet_pytorch/data/CustomTrain_cropped/Vidhi/File4130.png,14.0,172.0,50.0,208.0,110.0,146.0
facenet_pytorch/data/CustomTrain_cropped/Vidhi/Vidhi_35.png,41.0,188.0,53.0,200.0,107.0,119.0
facenet_pytorch/data/CustomTrain_cropped/Vidhi/File4136.png,17.0,174.0,51.0,208.0,109.0,143.0
facenet_pytorch/data/CustomTrain_cropped/Vidhi/File4150.png,13.0,172.0,52.0,211.0,108.0,147.0
facenet_pytorch/data/CustomTrain_cropped/Vidhi/File4139.png,15.0,172.0,40.0,197.0,120.0,145.0
facenet_pytorch/data/CustomTrain_cropped/Vidhi/Vidhi_50.png,14.0,171.0,48.0,205.0,112.0,146.0
facenet_pytorch/data/CustomTrain_cropped/Vidhi/File4109.png,16.0,171.0,52.0,207.0,108.0,144.0
facenet_pytorch/data/CustomTrain_cropped/Vidhi/Vidhi_5.png,41.0,194.0,51.0,204.0,109.0,119.0
facenet_pytorch/data/CustomTrain_cropped/Vidhi/Vidhi_10.png,17.0,174.0,52.0,209.0,108.0,143.0
facenet_pytorch/data/CustomTrain_cropped/Vidhi/File4120.png,16.0,171.0,40.0,195.0,120.0,144.0
facenet_pytorch/data/CustomTrain_cropped/Vidhi/File4114.png,30.0,188.0,51.0,209.0,109.0,130.0
facenet_pytorch/data/CustomTrain_cropped/Vidhi/File4141.png,49.0,207.0,31.0,189.0,129.0,111.0
facenet_pytorch/data/CustomTrain_cropped/Vidhi/File4126.png,12.0,174.0,48.0,210.0,112.0,148.0
facenet_pytorch/data/CustomTrain_cropped/Vidhi/File4110.png,0.0,110.0,16.0,183.0,144.0,110.0
facenet_pytorch/data/CustomTrain_cropped/Vidhi/Vidhi_135.png,16.0,172.0,49.0,205.0,111.0,144.0
facenet_pytorch/data/CustomTrain_cropped/Vidhi/File4122.png,16.0,171.0,50.0,205.0,110.0,144.0
facenet_pytorch/data/CustomTrain_cropped/Vidhi/File4128.png,12.0,173.0,53.0,214.0,107.0,148.0
facenet_pytorch/data/CustomTrain_cropped/Vidhi/File4143.png,16.0,174.0,50.0,208.0,110.0,144.0
facenet_pytorch/data/CustomTrain_cropped/Vidhi/File4103.png,15.0,172.0,50.0,207.0,110.0,145.0
facenet_pytorch/data/CustomTrain_cropped/Vidhi/File4115.png,14.0,173.0,51.0,210.0,109.0,146.0
facenet_pytorch/data/CustomTrain_cropped/Vidhi/Vidhi_150.png,59.0,188.0,51.0,180.0,109.0,101.0
facenet_pytorch/data/CustomTrain_cropped/Vidhi/File4132.png,45.0,172.0,53.0,180.0,107.0,115.0
facenet_pytorch/data/CustomTrain_cropped/Vidhi/File4108.png,19.0,174.0,51.0,206.0,109.0,141.0
facenet_pytorch/data/CustomTrain_cropped/Vidhi/File4144.png,15.0,171.0,47.0,203.0,113.0,145.0
facenet_pytorch/data/CustomTrain_cropped/Vidhi/File4104.png,14.0,170.0,49.0,205.0,111.0,146.0
facenet_pytorch/data/CustomTrain_cropped/Vidhi/Vidhi_155.png,14.0,171.0,51.0,208.0,109.0,146.0
facenet_pytorch/data/CustomTrain_cropped/Vidhi/File4142.png,12.0,170.0,49.0,207.0,111.0,148.0
facenet_pytorch/data/CustomTrain_cropped/Vidhi/Vidhi_110.png,10.0,170.0,38.0,198.0,122.0,150.0
facenet_pytorch/data/CustomTrain_cropped/Vidhi/File4137.png,17.0,177.0,42.0,202.0,118.0,143.0
facenet_pytorch/data/CustomTrain_cropped/Vidhi/Vidhi_60.png,13.0,170.0,38.0,195.0,122.0,147.0
facenet_pytorch/data/CustomTrain_cropped/Vidhi/File4127.png,41.0,159.0,55.0,173.0,105.0,118.0
facenet_pytorch/data/CustomTrain_cropped/Vidhi/File4129.png,17.0,175.0,53.0,211.0,107.0,143.0
facenet_pytorch/data/CustomTrain_cropped/Vidhi/File4113.png,16.0,169.0,50.0,203.0,110.0,144.0
facenet_pytorch/data/CustomTrain_cropped/Vidhi/File4119.png,16.0,173.0,52.0,209.0,108.0,144.0
facenet_pytorch/data/CustomTrain_cropped/Vidhi/File4124.png,21.0,166.0,39.0,184.0,121.0,139.0
facenet_pytorch/data/CustomTrain_cropped/Vidhi/File4107.png,14.0,169.0,51.0,206.0,109.0,146.0
facenet_pytorch/data/CustomTrain_cropped/Vidhi/File4147.png,17.0,174.0,51.0,208.0,109.0,143.0
facenet_pytorch/data/CustomTrain_cropped/Vidhi/File4148.png,17.0,176.0,51.0,210.0,109.0,143.0
facenet_pytorch/data/CustomTrain_cropped/Vidhi/File4140.png,25.0,171.0,30.0,176.0,130.0,135.0
facenet_pytorch/data/CustomTrain_cropped/Vidhi/File4131.png,23.0,164.0,31.0,172.0,129.0,137.0
facenet_pytorch/data/CustomTrain_cropped/Vidhi/File4125.png,49.0,212.0,33.0,196.0,127.0,111.0
facenet_pytorch/data/CustomTrain_cropped/Vidhi/File4118.png,12.0,170.0,40.0,198.0,120.0,148.0
facenet_pytorch/data/CustomTrain_cropped/Vidhi/File4121.png,13.0,173.0,51.0,211.0,109.0,147.0
facenet_pytorch/data/CustomTrain_cropped/Vidhi/Vidhi_0.png,15.0,171.0,49.0,205.0,111.0,145.0
facenet_pytorch/data/CustomTrain_cropped/Vidhi/Vidhi_120.png,13.0,174.0,54.0,215.0,106.0,147.0
facenet_pytorch/data/CustomTrain_cropped/Vidhi/Vidhi_130.png,15.0,172.0,50.0,207.0,110.0,145.0
facenet_pytorch/data/CustomTrain_cropped/Vidhi/File4149.png,16.0,174.0,52.0,210.0,108.0,144.0
facenet_pytorch/data/CustomTrain_cropped/Vidhi/File4100.png,0.0,111.0,27.0,189.0,133.0,111.0
facenet_pytorch/data/CustomTrain_cropped/Vidhi/File4123.png,16.0,176.0,51.0,211.0,109.0,144.0
facenet_pytorch/data/CustomTrain_cropped/Vidhi/File4101.png,15.0,173.0,51.0,209.0,109.0,145.0
facenet_pytorch/data/CustomTrain_cropped/Vidhi/Vidhi_25.png,41.0,194.0,52.0,205.0,108.0,119.0
facenet_pytorch/data/CustomTrain_cropped/Vidhi/File4135.png,16.0,178.0,53.0,215.0,107.0,144.0
facenet_pytorch/data/CustomTrain_cropped/Vidhi/File4105.png,48.0,194.0,51.0,197.0,109.0,112.0
facenet_pytorch/data/CustomTrain_cropped/Vidhi/File4102.png,0.0,127.0,28.0,182.0,132.0,127.0
facenet_pytorch/data/CustomTrain_cropped/Vidhi/Vidhi_100.png,5.0,163.0,34.0,192.0,126.0,155.0
facenet_pytorch/data/CustomTrain_cropped/Vidhi/Vidhi_90.png,24.0,180.0,41.0,197.0,119.0,136.0
facenet_pytorch/data/CustomTrain_cropped/Vidhi/Vidhi_85.png,29.0,153.0,38.0,162.0,122.0,124.0
facenet_pytorch/data/CustomTrain_cropped/Vidhi/Vidhi_15.png,39.0,179.0,57.0,197.0,103.0,121.0
facenet_pytorch/data/CustomTrain_cropped/Vidhi/File4116.png,47.0,187.0,40.0,180.0,120.0,113.0
facenet_pytorch/data/CustomTrain_cropped/Vidhi/File4134.png,0.0,122.0,46.0,197.0,114.0,122.0
facenet_pytorch/data/CustomTrain_cropped/Vidhi/File4111.png,6.0,160.0,40.0,194.0,120.0,154.0
facenet_pytorch/data/CustomTrain_cropped/Vidhi/File4133.png,7.0,168.0,46.0,207.0,114.0,153.0
facenet_pytorch/data/CustomTrain_cropped/Vidhi/File4106.png,10.0,170.0,46.0,206.0,114.0,150.0
facenet_pytorch/data/CustomTrain_cropped/Vidhi/Vidhi_45.png,51.0,188.0,44.0,181.0,116.0,109.0
facenet_pytorch/data/CustomTrain_cropped/Vidhi/File4117.png,0.0,110.0,13.0,173.0,147.0,110.0
facenet_pytorch/data/CustomTrain_cropped/Vidhi/File4138.png,0.0,107.0,44.0,183.0,116.0,107.0
facenet_pytorch/data/CustomTrain_cropped/Vidhi/File4145.png,11.0,171.0,46.0,206.0,114.0,149.0
facenet_pytorch/data/CustomTrain_cropped/Vidhi/File4112.png,22.0,179.0,46.0,203.0,114.0,138.0
facenet_pytorch/data/CustomTrain_cropped/Vidhi/File4146.png,12.0,171.0,40.0,199.0,120.0,148.0
facenet_pytorch/data/CustomTrain_cropped/Vidhi/Vidhi_70.png,11.0,170.0,47.0,206.0,113.0,149.0
facenet_pytorch/data/CustomTrain_cropped/Vidhi/Vidhi_75.png,0.0,140.0,39.0,196.0,121.0,140.0
facenet_pytorch/data/CustomTrain_cropped/Janvi/File2 88.png,10.0,172.0,40.0,202.0,120.0,150.0
facenet_pytorch/data/CustomTrain_cropped/Janvi/File2 82.png,10.0,163.0,39.0,192.0,121.0,150.0
facenet_pytorch/data/CustomTrain_cropped/Janvi/File2 67.png,34.0,177.0,45.0,188.0,115.0,126.0
facenet_pytorch/data/CustomTrain_cropped/Janvi/File2 80.png,32.0,176.0,44.0,188.0,116.0,128.0
facenet_pytorch/data/CustomTrain_cropped/Janvi/File2 56.png,25.0,145.0,52.0,172.0,108.0,120.0
facenet_pytorch/data/CustomTrain_cropped/Janvi/File2 94.png,20.0,176.0,46.0,202.0,114.0,140.0
facenet_pytorch/data/CustomTrain_cropped/Janvi/File2 33.png,0.0,159.0,38.0,203.0,122.0,159.0
facenet_pytorch/data/CustomTrain_cropped/Janvi/File2 111.png,4.0,165.0,38.0,199.0,122.0,156.0
facenet_pytorch/data/CustomTrain_cropped/Janvi/File2 81.png,0.0,110.0,17.0,180.0,143.0,110.0
facenet_pytorch/data/CustomTrain_cropped/Janvi/Jhanvi_70.png,41.0,186.0,44.0,189.0,116.0,119.0
facenet_pytorch/data/CustomTrain_cropped/Janvi/File2 55.png,14.0,174.0,38.0,198.0,122.0,146.0
facenet_pytorch/data/CustomTrain_cropped/Janvi/File2 107.png,11.0,172.0,40.0,201.0,120.0,149.0
facenet_pytorch/data/CustomTrain_cropped/Janvi/File2 99.png,7.0,168.0,40.0,201.0,120.0,153.0
facenet_pytorch/data/CustomTrain_cropped/Janvi/Jhanvi_20.png,49.0,188.0,41.0,180.0,119.0,111.0
facenet_pytorch/data/CustomTrain_cropped/Janvi/File2 35.png,5.0,167.0,38.0,200.0,122.0,155.0
facenet_pytorch/data/CustomTrain_cropped/Janvi/File2 46.png,25.0,178.0,45.0,198.0,115.0,135.0
facenet_pytorch/data/CustomTrain_cropped/Janvi/Jhanvi_10.png,17.0,174.0,47.0,204.0,113.0,143.0
facenet_pytorch/data/CustomTrain_cropped/Janvi/File2 92.png,42.0,191.0,37.0,186.0,123.0,118.0
facenet_pytorch/data/CustomTrain_cropped/Janvi/File2 103.png,0.0,159.0,37.0,199.0,123.0,159.0
facenet_pytorch/data/CustomTrain_cropped/Janvi/File2 101.png,11.0,170.0,47.0,206.0,113.0,149.0
facenet_pytorch/data/CustomTrain_cropped/Janvi/File2 66.png,47.0,180.0,57.0,190.0,103.0,113.0
facenet_pytorch/data/CustomTrain_cropped/Janvi/File2 90.png,4.0,165.0,37.0,198.0,123.0,156.0
facenet_pytorch/data/CustomTrain_cropped/Janvi/File2 45.png,0.0,157.0,43.0,204.0,117.0,157.0
facenet_pytorch/data/CustomTrain_cropped/Janvi/File2 41.png,0.0,111.0,16.0,172.0,144.0,111.0
facenet_pytorch/data/CustomTrain_cropped/Janvi/Jhanvi_85.png,28.0,177.0,45.0,194.0,115.0,132.0
facenet_pytorch/data/CustomTrain_cropped/Janvi/File2 102.png,12.0,172.0,47.0,207.0,113.0,148.0
facenet_pytorch/data/CustomTrain_cropped/Janvi/Jhanvi_5.png,6.0,161.0,39.0,194.0,121.0,154.0
facenet_pytorch/data/CustomTrain_cropped/Janvi/Jhanvi_15.png,0.0,101.0,47.0,184.0,113.0,101.0
facenet_pytorch/data/CustomTrain_cropped/Janvi/File2 91.png,2.0,163.0,38.0,199.0,122.0,158.0
facenet_pytorch/data/CustomTrain_cropped/Janvi/File2 84.png,6.0,166.0,38.0,198.0,122.0,154.0
facenet_pytorch/data/CustomTrain_cropped/Janvi/Jhanvi_40.png,4.0,162.0,41.0,199.0,119.0,156.0
facenet_pytorch/data/CustomTrain_cropped/Janvi/File2 100.png,10.0,169.0,38.0,197.0,122.0,150.0
facenet_pytorch/data/CustomTrain_cropped/Janvi/File2 98.png,36.0,153.0,39.0,156.0,117.0,117.0
facenet_pytorch/data/CustomTrain_cropped/Janvi/File2 83.png,24.0,178.0,42.0,196.0,118.0,136.0
facenet_pytorch/data/CustomTrain_cropped/Janvi/File2 42.png,23.0,166.0,55.0,198.0,105.0,137.0
facenet_pytorch/data/CustomTrain_cropped/Janvi/File2 36.png,18.0,175.0,53.0,210.0,107.0,142.0
facenet_pytorch/data/CustomTrain_cropped/Janvi/File2 63.png,0.0,113.0,16.0,171.0,144.0,113.0
facenet_pytorch/data/CustomTrain_cropped/Janvi/File2 43.png,0.0,102.0,39.0,177.0,121.0,102.0
facenet_pytorch/data/CustomTrain_cropped/Janvi/Jhanvi_100.png,0.0,110.0,22.0,177.0,138.0,110.0
facenet_pytorch/data/CustomTrain_cropped/Janvi/Jhanvi_75.png,0.0,163.0,37.0,200.0,123.0,160.0
facenet_pytorch/data/CustomTrain_cropped/Janvi/File2 104.png,34.0,153.0,39.0,158.0,119.0,119.0
facenet_pytorch/data/CustomTrain_cropped/Janvi/File2 34.png,0.0,160.0,39.0,202.0,121.0,160.0
facenet_pytorch/data/CustomTrain_cropped/Janvi/File2 93.png,3.0,165.0,38.0,200.0,122.0,157.0
facenet_pytorch/data/CustomTrain_cropped/Janvi/File2 54.png,0.0,105.0,46.0,189.0,114.0,105.0
facenet_pytorch/data/CustomTrain_cropped/Janvi/File2 40.png,0.0,104.0,47.0,179.0,113.0,104.0
facenet_pytorch/data/CustomTrain_cropped/Janvi/File2 44.png,14.0,172.0,47.0,205.0,113.0,146.0
facenet_pytorch/data/CustomTrain_cropped/Janvi/File2 95.png,18.0,178.0,40.0,200.0,120.0,142.0
facenet_pytorch/data/CustomTrain_cropped/Janvi/File2 39.png,0.0,104.0,42.0,176.0,118.0,104.0
facenet_pytorch/data/CustomTrain_cropped/Janvi/File2 73.png,0.0,149.0,28.0,183.0,132.0,149.0
facenet_pytorch/data/CustomTrain_cropped/Janvi/File2 87.png,0.0,148.0,41.0,189.0,119.0,148.0
facenet_pytorch/data/CustomTrain_cropped/Janvi/File2 60.png,0.0,151.0,28.0,189.0,132.0,151.0
facenet_pytorch/data/CustomTrain_cropped/Janvi/File2 61.png,0.0,155.0,42.0,204.0,118.0,155.0
facenet_pytorch/data/CustomTrain_cropped/Janvi/Jhanvi_80.png,0.0,119.0,18.0,157.0,139.0,119.0
facenet_pytorch/data/CustomTrain_cropped/Janvi/File2 48.png,4.0,159.0,38.0,193.0,122.0,155.0
facenet_pytorch/data/CustomTrain_cropped/Janvi/Jhanvi_90.png,0.0,160.0,38.0,201.0,122.0,160.0
facenet_pytorch/data/CustomTrain_cropped/Janvi/Jhanvi_45.png,0.0,156.0,29.0,187.0,131.0,156.0
facenet_pytorch/data/CustomTrain_cropped/Janvi/File2 72.png,0.0,151.0,37.0,191.0,123.0,151.0
facenet_pytorch/data/CustomTrain_cropped/Janvi/Jhanvi_50.png,0.0,152.0,40.0,192.0,120.0,152.0
facenet_pytorch/data/CustomTrain_cropped/Janvi/Jhanvi_35.png,0.0,149.0,38.0,188.0,122.0,149.0
facenet_pytorch/data/CustomTrain_cropped/Janvi/File2 53.png,0.0,148.0,40.0,194.0,120.0,148.0
facenet_pytorch/data/CustomTrain_cropped/Janvi/File2 52.png,0.0,157.0,38.0,199.0,122.0,157.0
facenet_pytorch/data/CustomTrain_cropped/Janvi/File2 106.png,0.0,156.0,43.0,199.0,117.0,156.0
facenet_pytorch/data/CustomTrain_cropped/Janvi/File2 89.png,17.0,172.0,25.0,180.0,135.0,143.0
facenet_pytorch/data/CustomTrain_cropped/Janvi/File2 51.png,0.0,161.0,41.0,202.0,119.0,160.0
facenet_pytorch/data/CustomTrain_cropped/Rushiraj/Rushirajsinh_940.png,0.0,154.0,36.0,199.0,124.0,154.0
facenet_pytorch/data/CustomTrain_cropped/Rushiraj/rFile5139.png,0.0,149.0,40.0,190.0,120.0,149.0
facenet_pytorch/data/CustomTrain_cropped/Rushiraj/Rushirajsinh_935.png,0.0,149.0,30.0,186.0,130.0,149.0
facenet_pytorch/data/CustomTrain_cropped/Rushiraj/rFile5121.png,0.0,153.0,40.0,196.0,120.0,153.0
facenet_pytorch/data/CustomTrain_cropped/Rushiraj/Rushirajsinh_1000.png,0.0,148.0,40.0,195.0,120.0,148.0
facenet_pytorch/data/CustomTrain_cropped/Rushiraj/rFile595.png,0.0,161.0,41.0,203.0,119.0,160.0
facenet_pytorch/data/CustomTrain_cropped/Rushiraj/rFile582.png,0.0,145.0,31.0,186.0,129.0,145.0
facenet_pytorch/data/CustomTrain_cropped/Rushiraj/Rushiraj_100.png,0.0,152.0,40.0,193.0,120.0,152.0
facenet_pytorch/data/CustomTrain_cropped/Rushiraj/rFile5112.png,0.0,153.0,38.0,193.0,122.0,153.0
facenet_pytorch/data/CustomTrain_cropped/Rushiraj/rFile5136.png,1.0,162.0,40.0,201.0,120.0,159.0
facenet_pytorch/data/CustomTrain_cropped/Rushiraj/rFile590.png,0.0,153.0,35.0,197.0,125.0,153.0
facenet_pytorch/data/CustomTrain_cropped/Rushiraj/rFile5123.png,0.0,152.0,28.0,182.0,132.0,152.0
facenet_pytorch/data/CustomTrain_cropped/Rushiraj/rFile584.png,0.0,155.0,39.0,202.0,121.0,155.0
facenet_pytorch/data/CustomTrain_cropped/Rushiraj/rFile5126.png,0.0,161.0,39.0,200.0,121.0,160.0
facenet_pytorch/data/CustomTrain_cropped/Rushiraj/Rushirajsinh_985.png,0.0,153.0,37.0,199.0,123.0,153.0
facenet_pytorch/data/CustomTrain_cropped/Rushiraj/rFile5134.png,0.0,157.0,34.0,193.0,126.0,157.0
facenet_pytorch/data/CustomTrain_cropped/Rushiraj/rFile5113.png,0.0,152.0,44.0,199.0,116.0,152.0
facenet_pytorch/data/CustomTrain_cropped/Rushiraj/rFile5137.png,0.0,149.0,30.0,183.0,130.0,149.0
facenet_pytorch/data/CustomTrain_cropped/Rushiraj/Rushirajsinh_975.png,0.0,148.0,38.0,190.0,122.0,148.0
facenet_pytorch/data/CustomTrain_cropped/Rushiraj/rFile5124.png,0.0,148.0,41.0,192.0,119.0,148.0
facenet_pytorch/data/CustomTrain_cropped/Rushiraj/rFile583.png,0.0,142.0,37.0,187.0,123.0,142.0
facenet_pytorch/data/CustomTrain_cropped/Rushiraj/rFile5125.png,0.0,148.0,39.0,188.0,121.0,148.0
facenet_pytorch/data/CustomTrain_cropped/Rushiraj/Rushirajsinh_955.png,17.0,167.0,40.0,190.0,120.0,143.0
facenet_pytorch/data/CustomTrain_cropped/Rushiraj/rFile5103.png,0.0,156.0,41.0,199.0,119.0,156.0
facenet_pytorch/data/CustomTrain_cropped/Rushiraj/rFile585.png,3.0,157.0,37.0,191.0,123.0,154.0
facenet_pytorch/data/CustomTrain_cropped/Rushiraj/rFile5104.png,2.0,162.0,41.0,201.0,119.0,158.0
facenet_pytorch/data/CustomTrain_cropped/Rushiraj/rFile5118.png,0.0,149.0,38.0,191.0,122.0,149.0
facenet_pytorch/data/CustomTrain_cropped/Rushiraj/Rushirajsinh_960.png,0.0,150.0,43.0,195.0,117.0,150.0
facenet_pytorch/data/CustomTrain_cropped/Rushiraj/rFile5117.png,0.0,157.0,38.0,201.0,122.0,157.0
facenet_pytorch/data/CustomTrain_cropped/Rushiraj/rFile5135.png,0.0,151.0,38.0,192.0,122.0,151.0
facenet_pytorch/data/CustomTrain_cropped/Rushiraj/rFile5116.png,0.0,150.0,44.0,195.0,116.0,150.0
facenet_pytorch/data/CustomTrain_cropped/Rushiraj/rFile599.png,0.0,149.0,39.0,191.0,121.0,149.0
facenet_pytorch/data/CustomTrain_cropped/Rushiraj/rFile5129.png,11.0,165.0,44.0,198.0,116.0,149.0
facenet_pytorch/data/CustomTrain_cropped/Rushiraj/Rushirajsinh_965.png,3.0,150.0,27.0,174.0,133.0,147.0
facenet_pytorch/data/CustomTrain_cropped/Rushiraj/rFile594.png,28.0,165.0,24.0,161.0,136.0,132.0
facenet_pytorch/data/CustomTrain_cropped/Rushiraj/rFile5122.png,22.0,158.0,45.0,181.0,115.0,136.0
facenet_pytorch/data/CustomTrain_cropped/Rushiraj/rFile5138.png,23.0,157.0,44.0,178.0,116.0,134.0
facenet_pytorch/data/CustomTrain_cropped/Rushiraj/rFile592.png,19.0,158.0,45.0,184.0,115.0,139.0
facenet_pytorch/data/CustomTrain_cropped/Rushiraj/rFile5100.png,35.0,151.0,33.0,149.0,116.0,116.0
facenet_pytorch/data/CustomTrain_cropped/Rushiraj/rFile5133.png,24.0,161.0,24.0,161.0,136.0,136.0
facenet_pytorch/data/CustomTrain_cropped/Rushiraj/rFile596.png,38.0,153.0,48.0,163.0,112.0,115.0
facenet_pytorch/data/CustomTrain_cropped/Rushiraj/rFile5106.png,15.0,138.0,49.0,172.0,111.0,123.0
facenet_pytorch/data/CustomTrain_cropped/Rushiraj/rFile593.png,0.0,113.0,35.0,172.0,125.0,113.0
facenet_pytorch/data/CustomTrain_cropped/Rushiraj/rFile5105.png,23.0,160.0,45.0,182.0,115.0,137.0
facenet_pytorch/data/CustomTrain_cropped/Rushiraj/rFile5111.png,43.0,189.0,45.0,191.0,115.0,117.0
facenet_pytorch/data/CustomTrain_cropped/Rushiraj/rFile5110.png,29.0,156.0,46.0,173.0,114.0,127.0
facenet_pytorch/data/CustomTrain_cropped/Rushiraj/rFile5107.png,0.0,134.0,35.0,171.0,125.0,134.0
facenet_pytorch/data/CustomTrain_cropped/Rushiraj/rFile591.png,27.0,157.0,44.0,174.0,116.0,130.0
facenet_pytorch/data/CustomTrain_cropped/Rushiraj/rFile5132.png,25.0,158.0,45.0,178.0,115.0,133.0
facenet_pytorch/data/CustomTrain_cropped/Ishan/File3158.png,7.0,140.0,30.0,163.0,130.0,133.0
facenet_pytorch/data/CustomTrain_cropped/Ishan/File3138.png,41.0,186.0,37.0,182.0,123.0,119.0
facenet_pytorch/data/CustomTrain_cropped/Ishan/Ishan_10.png,22.0,158.0,44.0,180.0,116.0,136.0
facenet_pytorch/data/CustomTrain_cropped/Ishan/Ishan_35.png,34.0,154.0,35.0,155.0,120.0,120.0
facenet_pytorch/data/CustomTrain_cropped/Ishan/Ishan_15.png,34.0,160.0,29.0,155.0,126.0,126.0
facenet_pytorch/data/CustomTrain_cropped/Ishan/File3156.png,22.0,162.0,45.0,185.0,115.0,138.0
facenet_pytorch/data/CustomTrain_cropped/Ishan/File3137.png,25.0,156.0,44.0,175.0,116.0,131.0
facenet_pytorch/data/CustomTrain_cropped/Ishan/File3133.png,30.0,147.0,37.0,154.0,117.0,117.0
facenet_pytorch/data/CustomTrain_cropped/Ishan/File3144.png,37.0,163.0,28.0,154.0,126.0,123.0
facenet_pytorch/data/CustomTrain_cropped/Ishan/File3105.png,41.0,182.0,51.0,192.0,109.0,119.0
facenet_pytorch/data/CustomTrain_cropped/Ishan/Ishan_65.png,38.0,154.0,42.0,158.0,116.0,116.0
facenet_pytorch/data/CustomTrain_cropped/Ishan/File3149.png,20.0,148.0,35.0,163.0,125.0,128.0
facenet_pytorch/data/CustomTrain_cropped/Ishan/Ishan_60.png,35.0,152.0,36.0,153.0,117.0,117.0
facenet_pytorch/data/CustomTrain_cropped/Ishan/File3112.png,25.0,159.0,45.0,179.0,115.0,134.0
facenet_pytorch/data/CustomTrain_cropped/Ishan/Ishan_50.png,32.0,165.0,41.0,174.0,119.0,128.0
facenet_pytorch/data/CustomTrain_cropped/Ishan/Ishan_55.png,0.0,125.0,33.0,177.0,127.0,125.0
facenet_pytorch/data/CustomTrain_cropped/Ishan/File3115.png,34.0,165.0,35.0,166.0,125.0,126.0
facenet_pytorch/data/CustomTrain_cropped/Ishan/File3123.png,0.0,128.0,31.0,175.0,129.0,128.0
facenet_pytorch/data/CustomTrain_cropped/Ishan/Ishan_5.png,43.0,185.0,33.0,175.0,127.0,117.0
facenet_pytorch/data/CustomTrain_cropped/Ishan/File3125.png,28.0,157.0,45.0,174.0,115.0,129.0
facenet_pytorch/data/CustomTrain_cropped/Ishan/File3134.png,24.0,158.0,44.0,178.0,116.0,134.0
facenet_pytorch/data/CustomTrain_cropped/Ishan/Ishan_70.png,30.0,162.0,26.0,158.0,132.0,130.0
facenet_pytorch/data/CustomTrain_cropped/Ishan/File3148.png,35.0,173.0,33.0,171.0,127.0,125.0
facenet_pytorch/data/CustomTrain_cropped/Ishan/Ishan_45.png,23.0,158.0,44.0,179.0,116.0,135.0
facenet_pytorch/data/CustomTrain_cropped/Ishan/File3117.png,0.0,99.0,39.0,179.0,121.0,99.0
facenet_pytorch/data/CustomTrain_cropped/Ishan/File3136.png,0.0,115.0,30.0,180.0,130.0,115.0
facenet_pytorch/data/CustomTrain_cropped/Ishan/File3147.png,28.0,156.0,39.0,167.0,121.0,128.0
facenet_pytorch/data/CustomTrain_cropped/Ishan/File3126.png,41.0,184.0,45.0,188.0,115.0,119.0
facenet_pytorch/data/CustomTrain_cropped/Ishan/File3124.png,10.0,147.0,34.0,171.0,126.0,137.0
facenet_pytorch/data/CustomTrain_cropped/Ishan/File3132.png,34.0,165.0,26.0,157.0,131.0,126.0
facenet_pytorch/data/CustomTrain_cropped/Ishan/Ishan_95.png,43.0,187.0,37.0,181.0,123.0,117.0
facenet_pytorch/data/CustomTrain_cropped/Ishan/File3143.png,24.0,165.0,31.0,172.0,129.0,136.0
facenet_pytorch/data/CustomTrain_cropped/Ishan/File3111.png,24.0,148.0,26.0,150.0,124.0,124.0
facenet_pytorch/data/CustomTrain_cropped/Ishan/File3154.png,1.0,130.0,36.0,165.0,124.0,129.0
facenet_pytorch/data/CustomTrain_cropped/Ishan/File3110.png,0.0,141.0,33.0,176.0,127.0,141.0
facenet_pytorch/data/CustomTrain_cropped/Ishan/File3121.png,3.0,133.0,29.0,159.0,130.0,130.0
facenet_pytorch/data/CustomTrain_cropped/Ishan/Ishan_100.png,0.0,159.0,44.0,203.0,116.0,159.0
facenet_pytorch/data/CustomTrain_cropped/Ishan/Ishan_40.png,6.0,152.0,44.0,190.0,116.0,146.0
facenet_pytorch/data/CustomTrain_cropped/Ishan/File3139.png,0.0,159.0,30.0,189.0,130.0,159.0
facenet_pytorch/data/CustomTrain_cropped/Ishan/File3155.png,7.0,157.0,40.0,190.0,120.0,150.0
facenet_pytorch/data/CustomTrain_cropped/Ishan/Ishan_90.png,2.0,162.0,33.0,193.0,127.0,158.0
facenet_pytorch/data/CustomTrain_cropped/Ishan/File3103.png,0.0,105.0,43.0,184.0,117.0,105.0
facenet_pytorch/data/CustomTrain_cropped/Ishan/File3104.png,0.0,159.0,37.0,197.0,123.0,159.0
facenet_pytorch/data/CustomTrain_cropped/Ishan/File3128.png,40.0,187.0,37.0,184.0,123.0,120.0
facenet_pytorch/data/CustomTrain_cropped/Ishan/File3150.png,6.0,158.0,39.0,191.0,121.0,152.0
facenet_pytorch/data/CustomTrain_cropped/Ishan/File3146.png,6.0,162.0,35.0,191.0,125.0,154.0
facenet_pytorch/data/CustomTrain_cropped/Ishan/File3127.png,3.0,166.0,26.0,189.0,134.0,157.0
facenet_pytorch/data/CustomTrain_cropped/Ishan/File3135.png,0.0,160.0,31.0,192.0,129.0,160.0
facenet_pytorch/data/CustomTrain_cropped/Ishan/File3122.png,4.0,162.0,41.0,199.0,119.0,156.0
facenet_pytorch/data/CustomTrain_cropped/Ishan/File3116.png,0.0,105.0,42.0,183.0,118.0,105.0
facenet_pytorch/data/CustomTrain_cropped/Ishan/File3157.png,0.0,161.0,34.0,195.0,126.0,160.0
facenet_pytorch/data/CustomTrain_cropped/Ishan/File3113.png,0.0,160.0,35.0,196.0,125.0,160.0
facenet_pytorch/data/CustomTrain_cropped/Ishan/File3106.png,0.0,145.0,31.0,182.0,129.0,145.0
facenet_pytorch/data/CustomTrain_cropped/Ishan/File3114.png,1.0,160.0,34.0,193.0,126.0,159.0
facenet_pytorch/data/CustomTrain_cropped/Ishan/File3145.png,1.0,161.0,34.0,194.0,126.0,159.0
facenet_pytorch/data/CustomTrain_cropped/Tirthraj/File 141.png,6.0,167.0,35.0,196.0,125.0,154.0
facenet_pytorch/data/CustomTrain_cropped/Tirthraj/File 148.png,0.0,105.0,44.0,186.0,116.0,105.0
facenet_pytorch/data/CustomTrain_cropped/Tirthraj/File 154.png,4.0,163.0,36.0,195.0,124.0,156.0
facenet_pytorch/data/CustomTrain_cropped/Tirthraj/File 140.png,4.0,166.0,33.0,195.0,127.0,156.0
facenet_pytorch/data/CustomTrain_cropped/Tirthraj/Tirthraj_235.png,0.0,154.0,23.0,177.0,137.0,154.0
facenet_pytorch/data/CustomTrain_cropped/Tirthraj/File 227.png,0.0,155.0,32.0,192.0,128.0,155.0
facenet_pytorch/data/CustomTrain_cropped/Tirthraj/File 136.png,5.0,156.0,33.0,184.0,127.0,151.0
facenet_pytorch/data/CustomTrain_cropped/Tirthraj/File 117.png,0.0,161.0,37.0,204.0,123.0,160.0
facenet_pytorch/data/CustomTrain_cropped/Tirthraj/File 143.png,0.0,155.0,42.0,199.0,118.0,155.0
facenet_pytorch/data/CustomTrain_cropped/Tirthraj/Tirthraj_270.png,4.0,163.0,40.0,199.0,120.0,156.0
facenet_pytorch/data/CustomTrain_cropped/Tirthraj/File 162.png,8.0,163.0,44.0,199.0,116.0,152.0
facenet_pytorch/data/CustomTrain_cropped/Tirthraj/Tirthraj_280.png,6.0,164.0,36.0,194.0,124.0,154.0
facenet_pytorch/data/CustomTrain_cropped/Tirthraj/File 147.png,0.0,161.0,26.0,189.0,134.0,160.0
facenet_pytorch/data/CustomTrain_cropped/Tirthraj/File 228.png,13.0,166.0,43.0,196.0,117.0,147.0
facenet_pytorch/data/CustomTrain_cropped/Tirthraj/File 152.png,0.0,105.0,45.0,185.0,115.0,105.0
facenet_pytorch/data/CustomTrain_cropped/Tirthraj/File 151.png,0.0,104.0,42.0,179.0,118.0,104.0
facenet_pytorch/data/CustomTrain_cropped/Tirthraj/File 153.png,0.0,159.0,43.0,202.0,117.0,159.0
facenet_pytorch/data/CustomTrain_cropped/Tirthraj/Tirthraj_225.png,0.0,158.0,27.0,191.0,133.0,158.0
facenet_pytorch/data/CustomTrain_cropped/Tirthraj/Tirthraj_240.png,0.0,154.0,42.0,196.0,118.0,154.0
facenet_pytorch/data/CustomTrain_cropped/Tirthraj/Tirthraj_290.png,0.0,159.0,34.0,193.0,126.0,159.0
facenet_pytorch/data/CustomTrain_cropped/Tirthraj/File 224.png,0.0,158.0,33.0,192.0,127.0,158.0
facenet_pytorch/data/CustomTrain_cropped/Tirthraj/File 171.png,0.0,162.0,30.0,194.0,130.0,160.0
facenet_pytorch/data/CustomTrain_cropped/Tirthraj/Tirthraj_295.png,1.0,154.0,24.0,177.0,136.0,153.0
facenet_pytorch/data/CustomTrain_cropped/Tirthraj/File 158.png,7.0,163.0,44.0,200.0,116.0,153.0
facenet_pytorch/data/CustomTrain_cropped/Tirthraj/File 169.png,0.0,149.0,41.0,192.0,119.0,149.0
facenet_pytorch/data/CustomTrain_cropped/Tirthraj/Tirthraj_275.png,0.0,161.0,33.0,194.0,127.0,160.0
facenet_pytorch/data/CustomTrain_cropped/Tirthraj/Tirthraj_260.png,6.0,165.0,32.0,191.0,128.0,154.0
facenet_pytorch/data/CustomTrain_cropped/Tirthraj/File 178.png,2.0,160.0,35.0,193.0,125.0,158.0
facenet_pytorch/data/CustomTrain_cropped/Tirthraj/File 149.png,10.0,151.0,44.0,185.0,116.0,141.0
facenet_pytorch/data/CustomTrain_cropped/Tirthraj/File 139.png,1.0,164.0,29.0,192.0,131.0,159.0
facenet_pytorch/data/CustomTrain_cropped/Tirthraj/Tirthraj_300.png,0.0,159.0,32.0,193.0,128.0,159.0
facenet_pytorch/data/CustomTrain_cropped/Tirthraj/File 161.png,0.0,161.0,34.0,198.0,126.0,160.0
facenet_pytorch/data/CustomTrain_cropped/Tirthraj/File 107.png,0.0,159.0,25.0,186.0,135.0,159.0
facenet_pytorch/data/CustomTrain_cropped/Tirthraj/File 222.png,0.0,105.0,45.0,186.0,115.0,105.0
facenet_pytorch/data/CustomTrain_cropped/Tirthraj/File 230.png,0.0,154.0,30.0,186.0,130.0,154.0
facenet_pytorch/data/CustomTrain_cropped/Tirthraj/File 135.png,2.0,157.0,39.0,194.0,121.0,155.0
facenet_pytorch/data/CustomTrain_cropped/Tirthraj/File 157.png,3.0,158.0,39.0,194.0,121.0,155.0
facenet_pytorch/data/CustomTrain_cropped/Tirthraj/File 180.png,6.0,164.0,42.0,200.0,118.0,154.0
facenet_pytorch/data/CustomTrain_cropped/Tirthraj/Tirthraj_230.png,0.0,159.0,38.0,198.0,122.0,159.0
facenet_pytorch/data/CustomTrain_cropped/Tirthraj/File 170.png,3.0,162.0,31.0,190.0,129.0,157.0
facenet_pytorch/data/CustomTrain_cropped/Tirthraj/File 164.png,0.0,133.0,36.0,196.0,124.0,133.0
facenet_pytorch/data/CustomTrain_cropped/Tirthraj/File 160.png,0.0,126.0,34.0,187.0,126.0,126.0
facenet_pytorch/data/CustomTrain_cropped/Tirthraj/File 138.png,14.0,164.0,45.0,195.0,115.0,146.0
facenet_pytorch/data/CustomTrain_cropped/Tirthraj/File 150.png,0.0,159.0,35.0,198.0,125.0,159.0
facenet_pytorch/data/CustomTrain_cropped/Tirthraj/File 168.png,0.0,104.0,42.0,188.0,118.0,104.0
facenet_pytorch/data/CustomTrain_cropped/Tirthraj/Tirthraj_245.png,7.0,169.0,32.0,194.0,128.0,153.0
facenet_pytorch/data/CustomTrain_cropped/Tirthraj/Tirthraj_220.png,22.0,175.0,43.0,196.0,117.0,138.0
facenet_pytorch/data/CustomTrain_cropped/Tirthraj/File 137.png,9.0,171.0,36.0,198.0,124.0,151.0
facenet_pytorch/data/CustomTrain_cropped/Tirthraj/File 163.png,0.0,110.0,44.0,185.0,116.0,110.0
facenet_pytorch/data/CustomTrain_cropped/Tirthraj/Tirthraj_285.png,0.0,158.0,46.0,204.0,114.0,158.0
facenet_pytorch/data/CustomTrain_cropped/Tirthraj/Tirthraj_265.png,0.0,129.0,35.0,194.0,125.0,129.0
facenet_pytorch/data/CustomTrain_cropped/Tirthraj/File 159.png,0.0,102.0,41.0,164.0,119.0,102.0
facenet_pytorch/data/CustomTrain_cropped/Tirthraj/File 223.png,24.0,179.0,42.0,197.0,118.0,136.0
facenet_pytorch/data/CustomTrain_cropped/Tirthraj/File 165.png,0.0,148.0,45.0,203.0,115.0,148.0
facenet_pytorch/data/CustomTrain_cropped/Tirthraj/File 130.png,0.0,155.0,25.0,185.0,135.0,155.0
facenet_pytorch/data/CustomTrain_cropped/Tirthraj/File 142.png,1.0,161.0,33.0,193.0,127.0,159.0
facenet_pytorch/data/CustomTrain_cropped/Tirthraj/File 146.png,0.0,98.0,44.0,168.0,116.0,98.0
facenet_pytorch/data/CustomTrain_cropped/Tirthraj/File 132.png,43.0,180.0,33.0,170.0,127.0,117.0
facenet_pytorch/data/CustomTrain_cropped/Tirthraj/Tirthraj_315.png,18.0,175.0,38.0,195.0,122.0,142.0
facenet_pytorch/data/CustomTrain_cropped/Rahul/50.png,0.0,106.0,42.0,186.0,118.0,106.0
facenet_pytorch/data/CustomTrain_cropped/Rahul/73.png,0.0,111.0,43.0,185.0,117.0,111.0
facenet_pytorch/data/CustomTrain_cropped/Rahul/77.png,6.0,162.0,47.0,203.0,113.0,154.0
facenet_pytorch/data/CustomTrain_cropped/Rahul/49.png,0.0,111.0,44.0,185.0,116.0,111.0
facenet_pytorch/data/CustomTrain_cropped/Rahul/85.png,0.0,148.0,35.0,200.0,125.0,148.0
facenet_pytorch/data/CustomTrain_cropped/Rahul/Rahul_215.png,0.0,157.0,29.0,186.0,131.0,157.0
facenet_pytorch/data/CustomTrain_cropped/Rahul/43.png,0.0,142.0,37.0,194.0,123.0,142.0
facenet_pytorch/data/CustomTrain_cropped/Rahul/55.png,0.0,106.0,23.0,183.0,137.0,106.0
facenet_pytorch/data/CustomTrain_cropped/Rahul/72.png,39.0,185.0,28.0,174.0,132.0,121.0
facenet_pytorch/data/CustomTrain_cropped/Rahul/83.png,0.0,104.0,44.0,170.0,116.0,104.0
facenet_pytorch/data/CustomTrain_cropped/Rahul/Rahul_235.png,15.0,177.0,35.0,197.0,125.0,145.0
facenet_pytorch/data/CustomTrain_cropped/Rahul/39.png,0.0,141.0,35.0,196.0,125.0,141.0
facenet_pytorch/data/CustomTrain_cropped/Rahul/27.png,52.0,176.0,36.0,160.0,124.0,108.0
facenet_pytorch/data/CustomTrain_cropped/Rahul/Rahul_145.png,0.0,116.0,30.0,186.0,130.0,116.0
facenet_pytorch/data/CustomTrain_cropped/Rahul/78.png,0.0,161.0,46.0,207.0,114.0,160.0
facenet_pytorch/data/CustomTrain_cropped/Rahul/46.png,0.0,108.0,23.0,184.0,137.0,108.0
facenet_pytorch/data/CustomTrain_cropped/Rahul/64.png,46.0,182.0,36.0,172.0,124.0,114.0
facenet_pytorch/data/CustomTrain_cropped/Rahul/33.png,0.0,108.0,22.0,181.0,138.0,108.0
facenet_pytorch/data/CustomTrain_cropped/Rahul/86.png,0.0,107.0,24.0,188.0,136.0,107.0
facenet_pytorch/data/CustomTrain_cropped/Rahul/87.png,0.0,162.0,34.0,196.0,126.0,160.0
facenet_pytorch/data/CustomTrain_cropped/Rahul/41.png,0.0,111.0,27.0,190.0,133.0,111.0
facenet_pytorch/data/CustomTrain_cropped/Rahul/66.png,6.0,166.0,36.0,196.0,124.0,154.0
facenet_pytorch/data/CustomTrain_cropped/Rahul/62.png,46.0,186.0,36.0,176.0,124.0,114.0
facenet_pytorch/data/CustomTrain_cropped/Rahul/44.png,0.0,102.0,45.0,169.0,115.0,102.0
facenet_pytorch/data/CustomTrain_cropped/Rahul/38.png,38.0,178.0,37.0,177.0,123.0,122.0
facenet_pytorch/data/CustomTrain_cropped/Rahul/88.png,0.0,163.0,36.0,199.0,124.0,160.0
facenet_pytorch/data/CustomTrain_cropped/Rahul/40.png,0.0,159.0,46.0,205.0,114.0,159.0
facenet_pytorch/data/CustomTrain_cropped/Rahul/52.png,22.0,137.0,46.0,161.0,114.0,115.0
facenet_pytorch/data/CustomTrain_cropped/Rahul/89.png,0.0,130.0,33.0,194.0,127.0,130.0
facenet_pytorch/data/CustomTrain_cropped/Rahul/Rahul_140.png,19.0,169.0,37.0,187.0,123.0,141.0
facenet_pytorch/data/CustomTrain_cropped/Rahul/Rahul_175.png,0.0,113.0,29.0,179.0,131.0,113.0
facenet_pytorch/data/CustomTrain_cropped/Rahul/65.png,7.0,160.0,32.0,185.0,128.0,153.0
facenet_pytorch/data/CustomTrain_cropped/Rahul/45.png,19.0,168.0,46.0,195.0,114.0,141.0
facenet_pytorch/data/CustomTrain_cropped/Rahul/56.png,0.0,108.0,23.0,184.0,137.0,108.0
facenet_pytorch/data/CustomTrain_cropped/Rahul/75.png,,,,,,
facenet_pytorch/data/CustomTrain_cropped/Rahul/51.png,,,,,,
facenet_pytorch/data/CustomTrain_cropped/Rahul/79.png,,,,,,
facenet_pytorch/data/CustomTrain_cropped/Rahul/Rahul_195.png,,,,,,
facenet_pytorch/data/CustomTrain_cropped/Rahul/69.png,,,,,,
facenet_pytorch/data/CustomTrain_cropped/Rahul/28.png,,,,,,
facenet_pytorch/data/CustomTrain_cropped/Rahul/Rahul_160.png,,,,,,
facenet_pytorch/data/CustomTrain_cropped/Rahul/67.png,,,,,,
facenet_pytorch/data/CustomTrain_cropped/Rahul/Rahul_165.png,,,,,,
facenet_pytorch/data/CustomTrain_cropped/Rahul/74.png,,,,,,
facenet_pytorch/data/CustomTrain_cropped/Rahul/Rahul_180.png,,,,,,
facenet_pytorch/data/CustomTrain_cropped/Rahul/53.png,,,,,,
facenet_pytorch/data/CustomTrain_cropped/Rahul/Rahul_185.png,,,,,,
facenet_pytorch/data/CustomTrain_cropped/Rahul/61.png,,,,,,
facenet_pytorch/data/CustomTrain_cropped/Rahul/68.png,,,,,,
facenet_pytorch/data/CustomTrain_cropped/Rahul/42.png,,,,,,
facenet_pytorch/data/CustomTrain_cropped/Rahul/80.png,,,,,,
facenet_pytorch/data/CustomTrain_cropped/Rahul/54.png,,,,,,
facenet_pytorch/data/CustomTrain_cropped/Rahul/31.png,,,,,,
facenet_pytorch/data/CustomTrain_cropped/Rahul/76.png,,,,,,
facenet_pytorch/data/CustomTrain_cropped/Rahul/Rahul_200.png,,,,,,
facenet_pytorch/data/CustomTrain_cropped/Rahul/63.png,,,,,,
facenet_pytorch/data/CustomTrain_cropped/Rahul/Rahul_190.png,,,,,,
facenet_pytorch/data/CustomTrain_cropped/Rahul/Rahul_225.png,,,,,,
facenet_pytorch/data/CustomTrain_cropped/Rahul/84.png,,,,,,
facenet_pytorch/data/CustomTrain_cropped/Rahul/Rahul_170.png,,,,,,
